positionLevels,job_postings,total_vacancies,median_salary_min,median_salary_max,median_avg_salary,median_band_width,mean_applicants_per_vacancy,avg_years_exp,pay_score,demand_score,scarcity_score,competitiveness_gap
Non-executive,231,365,3000.0,4500.0,3750.0,1000.0,6.962409812409812,2.2467532467532467,22.22222222222222,22.22222222222222,77.77777777777779,27.77777777777778
Fresh/entry level,313,1025,2300.0,3800.0,3000.0,1000.0,11.482317996421145,0.6773162939297125,11.11111111111111,44.44444444444444,33.333333333333336,27.777777777777775
Junior Executive,785,1444,3000.0,4500.0,4000.0,1500.0,7.431256192498231,1.5363057324840765,33.33333333333333,66.66666666666666,55.55555555555556,27.77777777777778
Executive,1756,3705,4000.0,6000.0,5000.0,1700.0,7.218231776765376,2.8143507972665147,44.44444444444444,88.88888888888889,66.66666666666667,33.33333333333333
Senior Executive,1289,2506,5000.0,8000.0,6500.0,2500.0,6.056753112416417,4.0015515903801395,55.55555555555556,77.77777777777779,88.88888888888889,27.777777777777786
Professional,1559,3919,6000.0,9000.0,7750.0,3000.0,8.026695989492653,4.510583707504811,66.66666666666666,100.0,44.44444444444444,5.555555555555571
Manager,689,1131,7000.0,10000.0,8250.0,2500.0,13.071165940977261,5.801161103047895,77.77777777777779,55.55555555555556,11.111111111111116,-44.44444444444445
Middle Management,189,363,7000.0,10500.0,8950.0,3500.0,11.715961199294533,6.285714285714286,88.88888888888889,11.11111111111111,22.22222222222222,-72.22222222222223
Senior Management,158,924,9000.0,13000.0,11500.0,4000.0,20.73061181434599,8.151898734177216,100.0,33.33333333333333,0.0,-83.33333333333334
